id,display_name,first_name,last_name,status
1,display_name_1,first_name_1,last_name_1,status_1
2,display_name_2,first_name_2,last_name_2,Status_2
3,display_name_3,first_name_3,last_name_3,Status_3
4,display_name_4,first_name_4,last_name_4,Status_4
5,display_name_5,first_name_5,last_name_5,Status_5
6,display_name_6,first_name_6,last_name_6,Status_6
7,display_name_7,first_name_7,last_name_7,Status_7
8,display_name_8,first_name_8,last_name_8,Status_8
9,display_name_9,first_name_9,last_name_9,Status_9
10,display_name_10,first_name_10,last_name_10,Status_10
